{
  "total": 1116091,
  "zero_frame_pct": 0.49383876404343374,
  "any_frame_pct": 0.5061612359565663,
  "multi_frame_pct": 0.17438363000866416
}